{"NB":{"No FS":93.3701657459,"IG (FRR)":93.9226519337,"GS (FSS)":98.3425414365},"DT":{"No FS":96.1325966851,"IG (FRR)":96.6850828729,"GS (FSS)":98.3425414365},"LR":{"No FS":98.3425414365,"IG (FRR)":97.7900552486,"GS (FSS)":98.3425414365},"KNN":{"No FS":97.7900552486,"IG (FRR)":95.0276243094,"GS (FSS)":97.7900552486}}