{"NB":{"No FS":0.9168207024,"IG (FRR)":0.9279112754,"GS (FSS)":0.9759704251},"DT":{"No FS":1.0,"IG (FRR)":1.0,"GS (FSS)":0.9759704251},"LR":{"No FS":0.977818854,"IG (FRR)":0.9759704251,"GS (FSS)":0.9759704251},"KNN":{"No FS":1.0,"IG (FRR)":1.0,"GS (FSS)":0.9815157116}}