{"NB":{"No FS":68.253968254,"IG (FRR)":76.1904761905,"GS (FSS)":85.7142857143},"DT":{"No FS":82.5396825397,"IG (FRR)":80.9523809524,"GS (FSS)":88.8888888889},"LR":{"No FS":88.8888888889,"IG (FRR)":88.8888888889,"GS (FSS)":88.8888888889},"KNN":{"No FS":85.7142857143,"IG (FRR)":84.126984127,"GS (FSS)":87.3015873016}}