{"NB":{"No FS":0.6825396825,"IG (FRR)":0.7619047619,"GS (FSS)":0.8571428571},"DT":{"No FS":0.8253968254,"IG (FRR)":0.8095238095,"GS (FSS)":0.8888888889},"LR":{"No FS":0.8888888889,"IG (FRR)":0.8888888889,"GS (FSS)":0.8888888889},"KNN":{"No FS":0.8571428571,"IG (FRR)":0.8412698413,"GS (FSS)":0.873015873}}