{"NB":{"No FS":0.7326203209,"IG (FRR)":0.8502673797,"GS (FSS)":0.9090909091},"DT":{"No FS":1.0,"IG (FRR)":1.0,"GS (FSS)":0.9251336898},"LR":{"No FS":0.935828877,"IG (FRR)":0.9304812834,"GS (FSS)":0.9411764706},"KNN":{"No FS":1.0,"IG (FRR)":1.0,"GS (FSS)":0.8877005348}}