{"NB":{"No FS":0.0,"IG (FRR)":11.6279069767,"GS (FSS)":25.5813953488},"DT":{"No FS":0.0,"IG (FRR)":-1.9230769231,"GS (FSS)":7.6923076923},"LR":{"No FS":0.0,"IG (FRR)":0.0,"GS (FSS)":0.0},"KNN":{"No FS":0.0,"IG (FRR)":-1.8518518519,"GS (FSS)":1.8518518519}}