{"NB":{"No FS":72.852233677,"IG (FRR)":73.1958762887,"GS (FSS)":74.2268041237},"DT":{"No FS":69.7594501718,"IG (FRR)":65.6357388316,"GS (FSS)":73.883161512},"LR":{"No FS":75.9450171821,"IG (FRR)":73.883161512,"GS (FSS)":72.5085910653},"KNN":{"No FS":70.7903780069,"IG (FRR)":69.7594501718,"GS (FSS)":70.4467353952}}