{"NB":{"No FS":0.7285223368,"IG (FRR)":0.7319587629,"GS (FSS)":0.7422680412},"DT":{"No FS":0.6975945017,"IG (FRR)":0.6563573883,"GS (FSS)":0.7388316151},"LR":{"No FS":0.7594501718,"IG (FRR)":0.7388316151,"GS (FSS)":0.7250859107},"KNN":{"No FS":0.7079037801,"IG (FRR)":0.6975945017,"GS (FSS)":0.704467354}}