{"NB":{"No FS":0.7416762342,"IG (FRR)":0.7405281286,"GS (FSS)":0.7680826636},"DT":{"No FS":1.0,"IG (FRR)":0.9988518944,"GS (FSS)":0.785304248},"LR":{"No FS":0.7772675086,"IG (FRR)":0.7703788749,"GS (FSS)":0.7749712974},"KNN":{"No FS":1.0,"IG (FRR)":0.9988518944,"GS (FSS)":0.7600459242}}