{"NB":{"No FS":0.0,"IG (FRR)":0.4716981132,"GS (FSS)":1.8867924528},"DT":{"No FS":0.0,"IG (FRR)":-5.9113300493,"GS (FSS)":5.9113300493},"LR":{"No FS":0.0,"IG (FRR)":-2.7149321267,"GS (FSS)":-4.5248868778},"KNN":{"No FS":0.0,"IG (FRR)":-1.4563106796,"GS (FSS)":-0.4854368932}}