{"NB":{"No FS":0.7551020408,"IG (FRR)":0.7346938776,"GS (FSS)":0.8367346939},"DT":{"No FS":0.8571428571,"IG (FRR)":0.612244898,"GS (FSS)":0.8367346939},"LR":{"No FS":0.7959183673,"IG (FRR)":0.8163265306,"GS (FSS)":0.7959183673},"KNN":{"No FS":0.7959183673,"IG (FRR)":0.6734693878,"GS (FSS)":0.7346938776}}