{"NB":{"No FS":75.5102040816,"IG (FRR)":73.4693877551,"GS (FSS)":83.6734693878},"DT":{"No FS":85.7142857143,"IG (FRR)":61.2244897959,"GS (FSS)":83.6734693878},"LR":{"No FS":79.5918367347,"IG (FRR)":81.6326530612,"GS (FSS)":79.5918367347},"KNN":{"No FS":79.5918367347,"IG (FRR)":67.3469387755,"GS (FSS)":73.4693877551}}