{"NB":{"No FS":0.7862068966,"IG (FRR)":0.8,"GS (FSS)":0.8344827586},"DT":{"No FS":1.0,"IG (FRR)":1.0,"GS (FSS)":0.8689655172},"LR":{"No FS":0.8482758621,"IG (FRR)":0.8068965517,"GS (FSS)":0.8413793103},"KNN":{"No FS":1.0,"IG (FRR)":1.0,"GS (FSS)":0.8206896552}}