{"NB":{"No FS":0.0,"IG (FRR)":-2.7027027027,"GS (FSS)":10.8108108108},"DT":{"No FS":0.0,"IG (FRR)":-28.5714285714,"GS (FSS)":-2.380952381},"LR":{"No FS":0.0,"IG (FRR)":2.5641025641,"GS (FSS)":0.0},"KNN":{"No FS":0.0,"IG (FRR)":-15.3846153846,"GS (FSS)":-7.6923076923}}