{"NB":{"No FS":86.5853658537,"IG (FRR)":89.0243902439,"GS (FSS)":90.243902439},"DT":{"No FS":82.9268292683,"IG (FRR)":79.8048780488,"GS (FSS)":91.1585365854},"LR":{"No FS":89.0243902439,"IG (FRR)":90.243902439,"GS (FSS)":89.9390243902},"KNN":{"No FS":85.3658536585,"IG (FRR)":82.9268292683,"GS (FSS)":85.9756097561}}