{"NB":{"No FS":0.9337016575,"IG (FRR)":0.9392265193,"GS (FSS)":0.9834254144},"DT":{"No FS":0.9613259669,"IG (FRR)":0.9668508287,"GS (FSS)":0.9834254144},"LR":{"No FS":0.9834254144,"IG (FRR)":0.9779005525,"GS (FSS)":0.9834254144},"KNN":{"No FS":0.9779005525,"IG (FRR)":0.9502762431,"GS (FSS)":0.9779005525}}