{"NB":{"No FS":0.8081632653,"IG (FRR)":0.8408163265,"GS (FSS)":0.8612244898},"DT":{"No FS":1.0,"IG (FRR)":1.0,"GS (FSS)":0.8673469388},"LR":{"No FS":0.8775510204,"IG (FRR)":0.8653061224,"GS (FSS)":0.8693877551},"KNN":{"No FS":1.0,"IG (FRR)":1.0,"GS (FSS)":1.0}}