{"NB":{"No FS":0.0,"IG (FRR)":0.5917159763,"GS (FSS)":5.325443787},"DT":{"No FS":0.0,"IG (FRR)":0.5747126437,"GS (FSS)":2.2988505747},"LR":{"No FS":0.0,"IG (FRR)":-0.5617977528,"GS (FSS)":0.0},"KNN":{"No FS":0.0,"IG (FRR)":-2.8248587571,"GS (FSS)":0.0}}